n_crystals,N,mse_psi_mean,mse_psi_std,relL2_psi_mean,relL2_psi_std,mse_psix_mean,mse_psix_std,relL2_psix_mean,relL2_psix_std,mse_psiz_mean,mse_psiz_std,relL2_psiz_mean,relL2_psiz_std,eps01_psi_mean,eps01_psi_std,eps05_psi_mean,eps05_psi_std,eps10_psi_mean,eps10_psi_std
1,100,3.311218e-25,1.470708e-25,7.417735e-02,4.601142e-02,3.998186e-29,1.670461e-29,3.452790e-01,1.369632e-01,2.402666e-29,4.491714e-30,3.374261e-01,1.297298e-01,8.972926e-01,6.931721e-02,6.350018e-01,1.593366e-01,4.173363e-01,1.807381e-01
2,100,1.816640e-24,4.118785e-24,8.916533e-02,4.291632e-02,1.842114e-28,2.858130e-28,4.555911e-01,2.333302e-01,6.840758e-29,6.678501e-29,3.983017e-01,1.317524e-01,9.251666e-01,4.983383e-02,6.758165e-01,1.325238e-01,4.885950e-01,1.407091e-01
